"Soort misdrijf";"Perioden";"Regio's";"Geregistreerde misdrijven/Totaal geregistreerde misdrijven (aantal)"
"Misdrijven, totaal";"2010";"Nederland";1200825
"Misdrijven, totaal";"2011";"Nederland";1206565
"Misdrijven, totaal";"2012";"Nederland";1154950
"Misdrijven, totaal";"2013";"Nederland";1105565
"Misdrijven, totaal";"2014";"Nederland";1025630
"Misdrijven, totaal";"2015";"Nederland";978945
"Misdrijven, totaal";"2016";"Nederland";930325
"Misdrijven, totaal";"2017";"Nederland";832950
"Misdrijven, totaal";"2018*";"Nederland";786280
"Misdrijven, totaal";"2019*";"Nederland";817390
"1 Vermogensmisdrijven";"2010";"Nederland";715555
"1 Vermogensmisdrijven";"2011";"Nederland";723155
"1 Vermogensmisdrijven";"2012";"Nederland";704250
"1 Vermogensmisdrijven";"2013";"Nederland";690610
"1 Vermogensmisdrijven";"2014";"Nederland";631450
"1 Vermogensmisdrijven";"2015";"Nederland";614050
"1 Vermogensmisdrijven";"2016";"Nederland";576445
"1 Vermogensmisdrijven";"2017";"Nederland";502510
"1 Vermogensmisdrijven";"2018*";"Nederland";457815
"1 Vermogensmisdrijven";"2019*";"Nederland";473310
"1.1 Diefstal/verduistering en inbraak";"2010";"Nederland";670470
"1.1 Diefstal/verduistering en inbraak";"2011";"Nederland";677970
"1.1 Diefstal/verduistering en inbraak";"2012";"Nederland";656450
"1.1 Diefstal/verduistering en inbraak";"2013";"Nederland";650650
"1.1 Diefstal/verduistering en inbraak";"2014";"Nederland";592590
"1.1 Diefstal/verduistering en inbraak";"2015";"Nederland";549105
"1.1 Diefstal/verduistering en inbraak";"2016";"Nederland";498285
"1.1 Diefstal/verduistering en inbraak";"2017";"Nederland";428135
"1.1 Diefstal/verduistering en inbraak";"2018*";"Nederland";380325
"1.1 Diefstal/verduistering en inbraak";"2019*";"Nederland";374160
"1.1.1 Diefstal en inbraak met geweld";"2010";"Nederland";16290
"1.1.1 Diefstal en inbraak met geweld";"2011";"Nederland";15590
"1.1.1 Diefstal en inbraak met geweld";"2012";"Nederland";14945
"1.1.1 Diefstal en inbraak met geweld";"2013";"Nederland";13350
"1.1.1 Diefstal en inbraak met geweld";"2014";"Nederland";10455
"1.1.1 Diefstal en inbraak met geweld";"2015";"Nederland";9730
"1.1.1 Diefstal en inbraak met geweld";"2016";"Nederland";8990
"1.1.1 Diefstal en inbraak met geweld";"2017";"Nederland";7985
"1.1.1 Diefstal en inbraak met geweld";"2018*";"Nederland";7785
"1.1.1 Diefstal en inbraak met geweld";"2019*";"Nederland";8625
"1.1.2 Diefstal en inbraak zonder geweld";"2010";"Nederland";654180
"1.1.2 Diefstal en inbraak zonder geweld";"2011";"Nederland";662380
"1.1.2 Diefstal en inbraak zonder geweld";"2012";"Nederland";641505
"1.1.2 Diefstal en inbraak zonder geweld";"2013";"Nederland";637300
"1.1.2 Diefstal en inbraak zonder geweld";"2014";"Nederland";582135
"1.1.2 Diefstal en inbraak zonder geweld";"2015";"Nederland";539370
"1.1.2 Diefstal en inbraak zonder geweld";"2016";"Nederland";489295
"1.1.2 Diefstal en inbraak zonder geweld";"2017";"Nederland";420155
"1.1.2 Diefstal en inbraak zonder geweld";"2018*";"Nederland";372540
"1.1.2 Diefstal en inbraak zonder geweld";"2019*";"Nederland";365535
"1.2 Bedrog";"2010";"Nederland";27845
"1.2 Bedrog";"2011";"Nederland";25590
"1.2 Bedrog";"2012";"Nederland";27630
"1.2 Bedrog";"2013";"Nederland";21965
"1.2 Bedrog";"2014";"Nederland";19735
"1.2 Bedrog";"2015";"Nederland";37410
"1.2 Bedrog";"2016";"Nederland";45150
"1.2 Bedrog";"2017";"Nederland";39405
"1.2 Bedrog";"2018*";"Nederland";41420
"1.2 Bedrog";"2019*";"Nederland";53480
"1.2.1 Oplichting";"2010";"Nederland";27010
"1.2.1 Oplichting";"2011";"Nederland";24845
"1.2.1 Oplichting";"2012";"Nederland";26845
"1.2.1 Oplichting";"2013";"Nederland";21240
"1.2.1 Oplichting";"2014";"Nederland";19015
"1.2.1 Oplichting";"2015";"Nederland";35530
"1.2.1 Oplichting";"2016";"Nederland";42235
"1.2.1 Oplichting";"2017";"Nederland";37000
"1.2.1 Oplichting";"2018*";"Nederland";39340
"1.2.1 Oplichting";"2019*";"Nederland";51540
"1.2.2 Flessentrekkerij";"2010";"Nederland";525
"1.2.2 Flessentrekkerij";"2011";"Nederland";490
"1.2.2 Flessentrekkerij";"2012";"Nederland";535
"1.2.2 Flessentrekkerij";"2013";"Nederland";510
"1.2.2 Flessentrekkerij";"2014";"Nederland";475
"1.2.2 Flessentrekkerij";"2015";"Nederland";185
"1.2.2 Flessentrekkerij";"2016";"Nederland";5
"1.2.2 Flessentrekkerij";"2017";"Nederland";0
"1.2.2 Flessentrekkerij";"2018*";"Nederland";5
"1.2.2 Flessentrekkerij";"2019*";"Nederland";0
"1.2.3 Bedrog (overig)";"2010";"Nederland";310
"1.2.3 Bedrog (overig)";"2011";"Nederland";255
"1.2.3 Bedrog (overig)";"2012";"Nederland";250
"1.2.3 Bedrog (overig)";"2013";"Nederland";215
"1.2.3 Bedrog (overig)";"2014";"Nederland";240
"1.2.3 Bedrog (overig)";"2015";"Nederland";1690
"1.2.3 Bedrog (overig)";"2016";"Nederland";2915
"1.2.3 Bedrog (overig)";"2017";"Nederland";2400
"1.2.3 Bedrog (overig)";"2018*";"Nederland";2080
"1.2.3 Bedrog (overig)";"2019*";"Nederland";1940
"1.3 Valsheidsmisdrijf";"2010";"Nederland";9845
"1.3 Valsheidsmisdrijf";"2011";"Nederland";11715
"1.3 Valsheidsmisdrijf";"2012";"Nederland";12050
"1.3 Valsheidsmisdrijf";"2013";"Nederland";9575
"1.3 Valsheidsmisdrijf";"2014";"Nederland";9850
"1.3 Valsheidsmisdrijf";"2015";"Nederland";18415
"1.3 Valsheidsmisdrijf";"2016";"Nederland";24710
"1.3 Valsheidsmisdrijf";"2017";"Nederland";27380
"1.3 Valsheidsmisdrijf";"2018*";"Nederland";27725
"1.3 Valsheidsmisdrijf";"2019*";"Nederland";36055
"1.3.1 Muntmisdrijf";"2010";"Nederland";1205
"1.3.1 Muntmisdrijf";"2011";"Nederland";965
"1.3.1 Muntmisdrijf";"2012";"Nederland";1130
"1.3.1 Muntmisdrijf";"2013";"Nederland";1425
"1.3.1 Muntmisdrijf";"2014";"Nederland";1915
"1.3.1 Muntmisdrijf";"2015";"Nederland";2430
"1.3.1 Muntmisdrijf";"2016";"Nederland";1980
"1.3.1 Muntmisdrijf";"2017";"Nederland";1600
"1.3.1 Muntmisdrijf";"2018*";"Nederland";1445
"1.3.1 Muntmisdrijf";"2019*";"Nederland";1545
"1.3.2 Valsheid in zegels en merken";"2010";"Nederland";175
"1.3.2 Valsheid in zegels en merken";"2011";"Nederland";180
"1.3.2 Valsheid in zegels en merken";"2012";"Nederland";215
"1.3.2 Valsheid in zegels en merken";"2013";"Nederland";190
"1.3.2 Valsheid in zegels en merken";"2014";"Nederland";205
"1.3.2 Valsheid in zegels en merken";"2015";"Nederland";250
"1.3.2 Valsheid in zegels en merken";"2016";"Nederland";250
"1.3.2 Valsheid in zegels en merken";"2017";"Nederland";195
"1.3.2 Valsheid in zegels en merken";"2018*";"Nederland";185
"1.3.2 Valsheid in zegels en merken";"2019*";"Nederland";165
"1.3.3 Valsheid in geschriften";"2010";"Nederland";8465
"1.3.3 Valsheid in geschriften";"2011";"Nederland";10565
"1.3.3 Valsheid in geschriften";"2012";"Nederland";10705
"1.3.3 Valsheid in geschriften";"2013";"Nederland";7960
"1.3.3 Valsheid in geschriften";"2014";"Nederland";7730
"1.3.3 Valsheid in geschriften";"2015";"Nederland";15730
"1.3.3 Valsheid in geschriften";"2016";"Nederland";22480
"1.3.3 Valsheid in geschriften";"2017";"Nederland";25580
"1.3.3 Valsheid in geschriften";"2018*";"Nederland";26095
"1.3.3 Valsheid in geschriften";"2019*";"Nederland";34340
"1.4 Heling";"2010";"Nederland";5965
"1.4 Heling";"2011";"Nederland";6250
"1.4 Heling";"2012";"Nederland";6335
"1.4 Heling";"2013";"Nederland";6305
"1.4 Heling";"2014";"Nederland";6940
"1.4 Heling";"2015";"Nederland";6735
"1.4 Heling";"2016";"Nederland";5845
"1.4 Heling";"2017";"Nederland";5255
"1.4 Heling";"2018*";"Nederland";5560
"1.4 Heling";"2019*";"Nederland";6355
"1.5 Afpersing en afdreiging";"2010";"Nederland";1010
"1.5 Afpersing en afdreiging";"2011";"Nederland";1035
"1.5 Afpersing en afdreiging";"2012";"Nederland";1100
"1.5 Afpersing en afdreiging";"2013";"Nederland";1370
"1.5 Afpersing en afdreiging";"2014";"Nederland";1515
"1.5 Afpersing en afdreiging";"2015";"Nederland";1635
"1.5 Afpersing en afdreiging";"2016";"Nederland";1665
"1.5 Afpersing en afdreiging";"2017";"Nederland";1520
"1.5 Afpersing en afdreiging";"2018*";"Nederland";1765
"1.5 Afpersing en afdreiging";"2019*";"Nederland";1775
"1.6 Bankbreuk";"2010";"Nederland";85
"1.6 Bankbreuk";"2011";"Nederland";140
"1.6 Bankbreuk";"2012";"Nederland";190
"1.6 Bankbreuk";"2013";"Nederland";115
"1.6 Bankbreuk";"2014";"Nederland";170
"1.6 Bankbreuk";"2015";"Nederland";180
"1.6 Bankbreuk";"2016";"Nederland";180
"1.6 Bankbreuk";"2017";"Nederland";115
"1.6 Bankbreuk";"2018*";"Nederland";105
"1.6 Bankbreuk";"2019*";"Nederland";95
"1.7 Witwassen";"2010";"Nederland";335
"1.7 Witwassen";"2011";"Nederland";455
"1.7 Witwassen";"2012";"Nederland";495
"1.7 Witwassen";"2013";"Nederland";640
"1.7 Witwassen";"2014";"Nederland";655
"1.7 Witwassen";"2015";"Nederland";570
"1.7 Witwassen";"2016";"Nederland";610
"1.7 Witwassen";"2017";"Nederland";695
"1.7 Witwassen";"2018*";"Nederland";900
"1.7 Witwassen";"2019*";"Nederland";1390
"1.8 Vermogensmisdrijf (overig)";"2010";"Nederland";0
"1.8 Vermogensmisdrijf (overig)";"2011";"Nederland";0
"1.8 Vermogensmisdrijf (overig)";"2012";"Nederland";0
"1.8 Vermogensmisdrijf (overig)";"2013";"Nederland";0
"1.8 Vermogensmisdrijf (overig)";"2014";"Nederland";0
"1.8 Vermogensmisdrijf (overig)";"2015";"Nederland";0
"1.8 Vermogensmisdrijf (overig)";"2016";"Nederland";0
"1.8 Vermogensmisdrijf (overig)";"2017";"Nederland";0
"1.8 Vermogensmisdrijf (overig)";"2018*";"Nederland";5
"1.8 Vermogensmisdrijf (overig)";"2019*";"Nederland";0
"2 Vernielingen, misdr.openb.orde/gezag";"2010";"Nederland";185955
"2 Vernielingen, misdr.openb.orde/gezag";"2011";"Nederland";182190
"2 Vernielingen, misdr.openb.orde/gezag";"2012";"Nederland";162415
"2 Vernielingen, misdr.openb.orde/gezag";"2013";"Nederland";141135
"2 Vernielingen, misdr.openb.orde/gezag";"2014";"Nederland";135400
"2 Vernielingen, misdr.openb.orde/gezag";"2015";"Nederland";122835
"2 Vernielingen, misdr.openb.orde/gezag";"2016";"Nederland";115525
"2 Vernielingen, misdr.openb.orde/gezag";"2017";"Nederland";102085
"2 Vernielingen, misdr.openb.orde/gezag";"2018*";"Nederland";93455
"2 Vernielingen, misdr.openb.orde/gezag";"2019*";"Nederland";102050
"2.1 Vernieling en beschadiging";"2010";"Nederland";151155
"2.1 Vernieling en beschadiging";"2011";"Nederland";148570
"2.1 Vernieling en beschadiging";"2012";"Nederland";133515
"2.1 Vernieling en beschadiging";"2013";"Nederland";117920
"2.1 Vernieling en beschadiging";"2014";"Nederland";109995
"2.1 Vernieling en beschadiging";"2015";"Nederland";101845
"2.1 Vernieling en beschadiging";"2016";"Nederland";94525
"2.1 Vernieling en beschadiging";"2017";"Nederland";81535
"2.1 Vernieling en beschadiging";"2018*";"Nederland";72115
"2.1 Vernieling en beschadiging";"2019*";"Nederland";76790
"2.1.1 Vernieling aan auto";"2010";"Nederland";69950
"2.1.1 Vernieling aan auto";"2011";"Nederland";67740
"2.1.1 Vernieling aan auto";"2012";"Nederland";60440
"2.1.1 Vernieling aan auto";"2013";"Nederland";54615
"2.1.1 Vernieling aan auto";"2014";"Nederland";50215
"2.1.1 Vernieling aan auto";"2015";"Nederland";47705
"2.1.1 Vernieling aan auto";"2016";"Nederland";43910
"2.1.1 Vernieling aan auto";"2017";"Nederland";37760
"2.1.1 Vernieling aan auto";"2018*";"Nederland";32790
"2.1.1 Vernieling aan auto";"2019*";"Nederland";34340
"2.1.2 Vernieling aan openbaar gebouw";"2010";"Nederland";11790
"2.1.2 Vernieling aan openbaar gebouw";"2011";"Nederland";8255
"2.1.2 Vernieling aan openbaar gebouw";"2012";"Nederland";2285
"2.1.2 Vernieling aan openbaar gebouw";"2013";"Nederland";2015
"2.1.2 Vernieling aan openbaar gebouw";"2014";"Nederland";1775
"2.1.2 Vernieling aan openbaar gebouw";"2015";"Nederland";1455
"2.1.2 Vernieling aan openbaar gebouw";"2016";"Nederland";1365
"2.1.2 Vernieling aan openbaar gebouw";"2017";"Nederland";1135
"2.1.2 Vernieling aan openbaar gebouw";"2018*";"Nederland";920
"2.1.2 Vernieling aan openbaar gebouw";"2019*";"Nederland";880
"2.1.3 Vernieling middel openb.vervoer";"2010";"Nederland";2000
"2.1.3 Vernieling middel openb.vervoer";"2011";"Nederland";2305
"2.1.3 Vernieling middel openb.vervoer";"2012";"Nederland";2095
"2.1.3 Vernieling middel openb.vervoer";"2013";"Nederland";1040
"2.1.3 Vernieling middel openb.vervoer";"2014";"Nederland";925
"2.1.3 Vernieling middel openb.vervoer";"2015";"Nederland";815
"2.1.3 Vernieling middel openb.vervoer";"2016";"Nederland";1100
"2.1.3 Vernieling middel openb.vervoer";"2017";"Nederland";1380
"2.1.3 Vernieling middel openb.vervoer";"2018*";"Nederland";850
"2.1.3 Vernieling middel openb.vervoer";"2019*";"Nederland";860
"2.1.5 Vernieling, beschadiging (overig)";"2010";"Nederland";67415
"2.1.5 Vernieling, beschadiging (overig)";"2011";"Nederland";70265
"2.1.5 Vernieling, beschadiging (overig)";"2012";"Nederland";68690
"2.1.5 Vernieling, beschadiging (overig)";"2013";"Nederland";60255
"2.1.5 Vernieling, beschadiging (overig)";"2014";"Nederland";57080
"2.1.5 Vernieling, beschadiging (overig)";"2015";"Nederland";51870
"2.1.5 Vernieling, beschadiging (overig)";"2016";"Nederland";48145
"2.1.5 Vernieling, beschadiging (overig)";"2017";"Nederland";41260
"2.1.5 Vernieling, beschadiging (overig)";"2018*";"Nederland";37560
"2.1.5 Vernieling, beschadiging (overig)";"2019*";"Nederland";40705
"2.2 Openbare orde misdrijf";"2010";"Nederland";21620
"2.2 Openbare orde misdrijf";"2011";"Nederland";20880
"2.2 Openbare orde misdrijf";"2012";"Nederland";17695
"2.2 Openbare orde misdrijf";"2013";"Nederland";13500
"2.2 Openbare orde misdrijf";"2014";"Nederland";15645
"2.2 Openbare orde misdrijf";"2015";"Nederland";11675
"2.2 Openbare orde misdrijf";"2016";"Nederland";11245
"2.2 Openbare orde misdrijf";"2017";"Nederland";11165
"2.2 Openbare orde misdrijf";"2018*";"Nederland";11540
"2.2 Openbare orde misdrijf";"2019*";"Nederland";13990
"2.2.1 Openlijke geweldpleging";"2010";"Nederland";9150
"2.2.1 Openlijke geweldpleging";"2011";"Nederland";8270
"2.2.1 Openlijke geweldpleging";"2012";"Nederland";7150
"2.2.1 Openlijke geweldpleging";"2013";"Nederland";5900
"2.2.1 Openlijke geweldpleging";"2014";"Nederland";5350
"2.2.1 Openlijke geweldpleging";"2015";"Nederland";4845
"2.2.1 Openlijke geweldpleging";"2016";"Nederland";4490
"2.2.1 Openlijke geweldpleging";"2017";"Nederland";4465
"2.2.1 Openlijke geweldpleging";"2018*";"Nederland";4205
"2.2.1 Openlijke geweldpleging";"2019*";"Nederland";4420
"2.2.1.1 Openlijk geweld tegen persoon";"2010";"Nederland";7095
"2.2.1.1 Openlijk geweld tegen persoon";"2011";"Nederland";6500
"2.2.1.1 Openlijk geweld tegen persoon";"2012";"Nederland";5625
"2.2.1.1 Openlijk geweld tegen persoon";"2013";"Nederland";4790
"2.2.1.1 Openlijk geweld tegen persoon";"2014";"Nederland";4315
"2.2.1.1 Openlijk geweld tegen persoon";"2015";"Nederland";3955
"2.2.1.1 Openlijk geweld tegen persoon";"2016";"Nederland";3735
"2.2.1.1 Openlijk geweld tegen persoon";"2017";"Nederland";3820
"2.2.1.1 Openlijk geweld tegen persoon";"2018*";"Nederland";3660
"2.2.1.1 Openlijk geweld tegen persoon";"2019*";"Nederland";3750
"2.2.1.2 Openlijk geweld tegen goed";"2010";"Nederland";2060
"2.2.1.2 Openlijk geweld tegen goed";"2011";"Nederland";1770
"2.2.1.2 Openlijk geweld tegen goed";"2012";"Nederland";1525
"2.2.1.2 Openlijk geweld tegen goed";"2013";"Nederland";1110
"2.2.1.2 Openlijk geweld tegen goed";"2014";"Nederland";1035
"2.2.1.2 Openlijk geweld tegen goed";"2015";"Nederland";890
"2.2.1.2 Openlijk geweld tegen goed";"2016";"Nederland";750
"2.2.1.2 Openlijk geweld tegen goed";"2017";"Nederland";645
"2.2.1.2 Openlijk geweld tegen goed";"2018*";"Nederland";550
"2.2.1.2 Openlijk geweld tegen goed";"2019*";"Nederland";670
"2.2.2 Huisvredebreuk";"2010";"Nederland";2490
"2.2.2 Huisvredebreuk";"2011";"Nederland";2605
"2.2.2 Huisvredebreuk";"2012";"Nederland";2635
"2.2.2 Huisvredebreuk";"2013";"Nederland";2605
"2.2.2 Huisvredebreuk";"2014";"Nederland";2675
"2.2.2 Huisvredebreuk";"2015";"Nederland";2330
"2.2.2 Huisvredebreuk";"2016";"Nederland";2535
"2.2.2 Huisvredebreuk";"2017";"Nederland";2340
"2.2.2 Huisvredebreuk";"2018*";"Nederland";2565
"2.2.2 Huisvredebreuk";"2019*";"Nederland";2915
"2.2.3 Lokaalvredebreuk";"2010";"Nederland";670
"2.2.3 Lokaalvredebreuk";"2011";"Nederland";535
"2.2.3 Lokaalvredebreuk";"2012";"Nederland";430
"2.2.3 Lokaalvredebreuk";"2013";"Nederland";405
"2.2.3 Lokaalvredebreuk";"2014";"Nederland";430
"2.2.3 Lokaalvredebreuk";"2015";"Nederland";425
"2.2.3 Lokaalvredebreuk";"2016";"Nederland";430
"2.2.3 Lokaalvredebreuk";"2017";"Nederland";365
"2.2.3 Lokaalvredebreuk";"2018*";"Nederland";325
"2.2.3 Lokaalvredebreuk";"2019*";"Nederland";325
"2.2.4 Computervredebreuk";"2010";"Nederland";1070
"2.2.4 Computervredebreuk";"2011";"Nederland";2025
"2.2.4 Computervredebreuk";"2012";"Nederland";4620
"2.2.4 Computervredebreuk";"2013";"Nederland";2535
"2.2.4 Computervredebreuk";"2014";"Nederland";2045
"2.2.4 Computervredebreuk";"2015";"Nederland";2225
"2.2.4 Computervredebreuk";"2016";"Nederland";1875
"2.2.4 Computervredebreuk";"2017";"Nederland";2320
"2.2.4 Computervredebreuk";"2018*";"Nederland";2945
"2.2.4 Computervredebreuk";"2019*";"Nederland";4815
"2.2.5 Discriminatie";"2010";"Nederland";440
"2.2.5 Discriminatie";"2011";"Nederland";340
"2.2.5 Discriminatie";"2012";"Nederland";305
"2.2.5 Discriminatie";"2013";"Nederland";330
"2.2.5 Discriminatie";"2014";"Nederland";3465
"2.2.5 Discriminatie";"2015";"Nederland";450
"2.2.5 Discriminatie";"2016";"Nederland";565
"2.2.5 Discriminatie";"2017";"Nederland";405
"2.2.5 Discriminatie";"2018*";"Nederland";415
"2.2.5 Discriminatie";"2019*";"Nederland";485
"2.2.6 Openbare orde misdrijf (overig)";"2010";"Nederland";7795
"2.2.6 Openbare orde misdrijf (overig)";"2011";"Nederland";7105
"2.2.6 Openbare orde misdrijf (overig)";"2012";"Nederland";2550
"2.2.6 Openbare orde misdrijf (overig)";"2013";"Nederland";1715
"2.2.6 Openbare orde misdrijf (overig)";"2014";"Nederland";1685
"2.2.6 Openbare orde misdrijf (overig)";"2015";"Nederland";1400
"2.2.6 Openbare orde misdrijf (overig)";"2016";"Nederland";1350
"2.2.6 Openbare orde misdrijf (overig)";"2017";"Nederland";1270
"2.2.6 Openbare orde misdrijf (overig)";"2018*";"Nederland";1085
"2.2.6 Openbare orde misdrijf (overig)";"2019*";"Nederland";1030
"2.3 Brandstichting/ontploffing";"2010";"Nederland";7115
"2.3 Brandstichting/ontploffing";"2011";"Nederland";6995
"2.3 Brandstichting/ontploffing";"2012";"Nederland";6120
"2.3 Brandstichting/ontploffing";"2013";"Nederland";5330
"2.3 Brandstichting/ontploffing";"2014";"Nederland";5045
"2.3 Brandstichting/ontploffing";"2015";"Nederland";4900
"2.3 Brandstichting/ontploffing";"2016";"Nederland";4800
"2.3 Brandstichting/ontploffing";"2017";"Nederland";4700
"2.3 Brandstichting/ontploffing";"2018*";"Nederland";4635
"2.3 Brandstichting/ontploffing";"2019*";"Nederland";4700
"2.4 Openbaar gezag misdrijf";"2010";"Nederland";6065
"2.4 Openbaar gezag misdrijf";"2011";"Nederland";5745
"2.4 Openbaar gezag misdrijf";"2012";"Nederland";5085
"2.4 Openbaar gezag misdrijf";"2013";"Nederland";4385
"2.4 Openbaar gezag misdrijf";"2014";"Nederland";4715
"2.4 Openbaar gezag misdrijf";"2015";"Nederland";4415
"2.4 Openbaar gezag misdrijf";"2016";"Nederland";4955
"2.4 Openbaar gezag misdrijf";"2017";"Nederland";4685
"2.4 Openbaar gezag misdrijf";"2018*";"Nederland";5165
"2.4 Openbaar gezag misdrijf";"2019*";"Nederland";6570
"2.4.1 Niet opvolgen van ambtelijk bevel";"2010";"Nederland";3905
"2.4.1 Niet opvolgen van ambtelijk bevel";"2011";"Nederland";3610
"2.4.1 Niet opvolgen van ambtelijk bevel";"2012";"Nederland";3090
"2.4.1 Niet opvolgen van ambtelijk bevel";"2013";"Nederland";2495
"2.4.1 Niet opvolgen van ambtelijk bevel";"2014";"Nederland";2785
"2.4.1 Niet opvolgen van ambtelijk bevel";"2015";"Nederland";2400
"2.4.1 Niet opvolgen van ambtelijk bevel";"2016";"Nederland";2965
"2.4.1 Niet opvolgen van ambtelijk bevel";"2017";"Nederland";2895
"2.4.1 Niet opvolgen van ambtelijk bevel";"2018*";"Nederland";2910
"2.4.1 Niet opvolgen van ambtelijk bevel";"2019*";"Nederland";3385
"2.4.2 Wederspannigheid";"2010";"Nederland";1155
"2.4.2 Wederspannigheid";"2011";"Nederland";1090
"2.4.2 Wederspannigheid";"2012";"Nederland";1120
"2.4.2 Wederspannigheid";"2013";"Nederland";1005
"2.4.2 Wederspannigheid";"2014";"Nederland";980
"2.4.2 Wederspannigheid";"2015";"Nederland";850
"2.4.2 Wederspannigheid";"2016";"Nederland";890
"2.4.2 Wederspannigheid";"2017";"Nederland";780
"2.4.2 Wederspannigheid";"2018*";"Nederland";1330
"2.4.2 Wederspannigheid";"2019*";"Nederland";2030
"2.4.3 Valse aangifte";"2010";"Nederland";470
"2.4.3 Valse aangifte";"2011";"Nederland";515
"2.4.3 Valse aangifte";"2012";"Nederland";490
"2.4.3 Valse aangifte";"2013";"Nederland";515
"2.4.3 Valse aangifte";"2014";"Nederland";525
"2.4.3 Valse aangifte";"2015";"Nederland";465
"2.4.3 Valse aangifte";"2016";"Nederland";450
"2.4.3 Valse aangifte";"2017";"Nederland";390
"2.4.3 Valse aangifte";"2018*";"Nederland";340
"2.4.3 Valse aangifte";"2019*";"Nederland";410
"2.4.5 Verblijf ongewenste vreemdeling";"2010";"Nederland";255
"2.4.5 Verblijf ongewenste vreemdeling";"2011";"Nederland";255
"2.4.5 Verblijf ongewenste vreemdeling";"2012";"Nederland";150
"2.4.5 Verblijf ongewenste vreemdeling";"2013";"Nederland";155
"2.4.5 Verblijf ongewenste vreemdeling";"2014";"Nederland";175
"2.4.5 Verblijf ongewenste vreemdeling";"2015";"Nederland";470
"2.4.5 Verblijf ongewenste vreemdeling";"2016";"Nederland";370
"2.4.5 Verblijf ongewenste vreemdeling";"2017";"Nederland";310
"2.4.5 Verblijf ongewenste vreemdeling";"2018*";"Nederland";190
"2.4.5 Verblijf ongewenste vreemdeling";"2019*";"Nederland";95
"2.4.6 Openbaar gezag misdrijf (overig)";"2010";"Nederland";280
"2.4.6 Openbaar gezag misdrijf (overig)";"2011";"Nederland";275
"2.4.6 Openbaar gezag misdrijf (overig)";"2012";"Nederland";235
"2.4.6 Openbaar gezag misdrijf (overig)";"2013";"Nederland";220
"2.4.6 Openbaar gezag misdrijf (overig)";"2014";"Nederland";245
"2.4.6 Openbaar gezag misdrijf (overig)";"2015";"Nederland";230
"2.4.6 Openbaar gezag misdrijf (overig)";"2016";"Nederland";280
"2.4.6 Openbaar gezag misdrijf (overig)";"2017";"Nederland";310
"2.4.6 Openbaar gezag misdrijf (overig)";"2018*";"Nederland";395
"2.4.6 Openbaar gezag misdrijf (overig)";"2019*";"Nederland";650
"3 Gewelds- en seksuele misdrijven";"2010";"Nederland";115815
"3 Gewelds- en seksuele misdrijven";"2011";"Nederland";114055
"3 Gewelds- en seksuele misdrijven";"2012";"Nederland";110470
"3 Gewelds- en seksuele misdrijven";"2013";"Nederland";103510
"3 Gewelds- en seksuele misdrijven";"2014";"Nederland";98545
"3 Gewelds- en seksuele misdrijven";"2015";"Nederland";92475
"3 Gewelds- en seksuele misdrijven";"2016";"Nederland";90200
"3 Gewelds- en seksuele misdrijven";"2017";"Nederland";85335
"3 Gewelds- en seksuele misdrijven";"2018*";"Nederland";83320
"3 Gewelds- en seksuele misdrijven";"2019*";"Nederland";83215
"3.1 Mishandeling";"2010";"Nederland";61445
"3.1 Mishandeling";"2011";"Nederland";60455
"3.1 Mishandeling";"2012";"Nederland";57585
"3.1 Mishandeling";"2013";"Nederland";53445
"3.1 Mishandeling";"2014";"Nederland";50905
"3.1 Mishandeling";"2015";"Nederland";48280
"3.1 Mishandeling";"2016";"Nederland";46990
"3.1 Mishandeling";"2017";"Nederland";44760
"3.1 Mishandeling";"2018*";"Nederland";43025
"3.1 Mishandeling";"2019*";"Nederland";42435
"3.2 Bedreiging en stalking";"2010";"Nederland";38075
"3.2 Bedreiging en stalking";"2011";"Nederland";37725
"3.2 Bedreiging en stalking";"2012";"Nederland";37335
"3.2 Bedreiging en stalking";"2013";"Nederland";35770
"3.2 Bedreiging en stalking";"2014";"Nederland";33920
"3.2 Bedreiging en stalking";"2015";"Nederland";31120
"3.2 Bedreiging en stalking";"2016";"Nederland";29690
"3.2 Bedreiging en stalking";"2017";"Nederland";27040
"3.2 Bedreiging en stalking";"2018*";"Nederland";26080
"3.2 Bedreiging en stalking";"2019*";"Nederland";27330
"3.2.1 Bedreiging";"2010";"Nederland";34350
"3.2.1 Bedreiging";"2011";"Nederland";34135
"3.2.1 Bedreiging";"2012";"Nederland";33740
"3.2.1 Bedreiging";"2013";"Nederland";32315
"3.2.1 Bedreiging";"2014";"Nederland";30605
"3.2.1 Bedreiging";"2015";"Nederland";28115
"3.2.1 Bedreiging";"2016";"Nederland";26760
"3.2.1 Bedreiging";"2017";"Nederland";24220
"3.2.1 Bedreiging";"2018*";"Nederland";23105
"3.2.1 Bedreiging";"2019*";"Nederland";23320
"3.2.2 Stalking";"2010";"Nederland";3725
"3.2.2 Stalking";"2011";"Nederland";3595
"3.2.2 Stalking";"2012";"Nederland";3595
"3.2.2 Stalking";"2013";"Nederland";3455
"3.2.2 Stalking";"2014";"Nederland";3315
"3.2.2 Stalking";"2015";"Nederland";3005
"3.2.2 Stalking";"2016";"Nederland";2930
"3.2.2 Stalking";"2017";"Nederland";2820
"3.2.2 Stalking";"2018*";"Nederland";2975
"3.2.2 Stalking";"2019*";"Nederland";4010
"3.3 Seksueel misdrijf";"2010";"Nederland";9720
"3.3 Seksueel misdrijf";"2011";"Nederland";9130
"3.3 Seksueel misdrijf";"2012";"Nederland";9055
"3.3 Seksueel misdrijf";"2013";"Nederland";8550
"3.3 Seksueel misdrijf";"2014";"Nederland";8190
"3.3 Seksueel misdrijf";"2015";"Nederland";7730
"3.3 Seksueel misdrijf";"2016";"Nederland";8235
"3.3 Seksueel misdrijf";"2017";"Nederland";8425
"3.3 Seksueel misdrijf";"2018*";"Nederland";9100
"3.3 Seksueel misdrijf";"2019*";"Nederland";8095
"3.3.1 Aanranding";"2010";"Nederland";2495
"3.3.1 Aanranding";"2011";"Nederland";2190
"3.3.1 Aanranding";"2012";"Nederland";2075
"3.3.1 Aanranding";"2013";"Nederland";1950
"3.3.1 Aanranding";"2014";"Nederland";1820
"3.3.1 Aanranding";"2015";"Nederland";1720
"3.3.1 Aanranding";"2016";"Nederland";2220
"3.3.1 Aanranding";"2017";"Nederland";2210
"3.3.1 Aanranding";"2018*";"Nederland";2385
"3.3.1 Aanranding";"2019*";"Nederland";2230
"3.3.2 Verkrachting";"2010";"Nederland";1645
"3.3.2 Verkrachting";"2011";"Nederland";1570
"3.3.2 Verkrachting";"2012";"Nederland";1450
"3.3.2 Verkrachting";"2013";"Nederland";1245
"3.3.2 Verkrachting";"2014";"Nederland";1220
"3.3.2 Verkrachting";"2015";"Nederland";1265
"3.3.2 Verkrachting";"2016";"Nederland";1535
"3.3.2 Verkrachting";"2017";"Nederland";1760
"3.3.2 Verkrachting";"2018*";"Nederland";1935
"3.3.2 Verkrachting";"2019*";"Nederland";2000
"3.3.3 Schennis der eerbaarheid";"2010";"Nederland";2015
"3.3.3 Schennis der eerbaarheid";"2011";"Nederland";1940
"3.3.3 Schennis der eerbaarheid";"2012";"Nederland";1875
"3.3.3 Schennis der eerbaarheid";"2013";"Nederland";1700
"3.3.3 Schennis der eerbaarheid";"2014";"Nederland";1590
"3.3.3 Schennis der eerbaarheid";"2015";"Nederland";1445
"3.3.3 Schennis der eerbaarheid";"2016";"Nederland";1380
"3.3.3 Schennis der eerbaarheid";"2017";"Nederland";1275
"3.3.3 Schennis der eerbaarheid";"2018*";"Nederland";1300
"3.3.3 Schennis der eerbaarheid";"2019*";"Nederland";1065
"3.3.4 Ontucht met minderjarige";"2010";"Nederland";1055
"3.3.4 Ontucht met minderjarige";"2011";"Nederland";850
"3.3.4 Ontucht met minderjarige";"2012";"Nederland";1085
"3.3.4 Ontucht met minderjarige";"2013";"Nederland";1025
"3.3.4 Ontucht met minderjarige";"2014";"Nederland";1045
"3.3.4 Ontucht met minderjarige";"2015";"Nederland";875
"3.3.4 Ontucht met minderjarige";"2016";"Nederland";860
"3.3.4 Ontucht met minderjarige";"2017";"Nederland";875
"3.3.4 Ontucht met minderjarige";"2018*";"Nederland";920
"3.3.4 Ontucht met minderjarige";"2019*";"Nederland";950
"3.3.5 Pornografie";"2010";"Nederland";575
"3.3.5 Pornografie";"2011";"Nederland";570
"3.3.5 Pornografie";"2012";"Nederland";635
"3.3.5 Pornografie";"2013";"Nederland";785
"3.3.5 Pornografie";"2014";"Nederland";690
"3.3.5 Pornografie";"2015";"Nederland";660
"3.3.5 Pornografie";"2016";"Nederland";445
"3.3.5 Pornografie";"2017";"Nederland";425
"3.3.5 Pornografie";"2018*";"Nederland";385
"3.3.5 Pornografie";"2019*";"Nederland";495
"3.3.6 Ontucht met misbruik van gezag";"2010";"Nederland";575
"3.3.6 Ontucht met misbruik van gezag";"2011";"Nederland";560
"3.3.6 Ontucht met misbruik van gezag";"2012";"Nederland";580
"3.3.6 Ontucht met misbruik van gezag";"2013";"Nederland";615
"3.3.6 Ontucht met misbruik van gezag";"2014";"Nederland";565
"3.3.6 Ontucht met misbruik van gezag";"2015";"Nederland";565
"3.3.6 Ontucht met misbruik van gezag";"2016";"Nederland";530
"3.3.6 Ontucht met misbruik van gezag";"2017";"Nederland";550
"3.3.6 Ontucht met misbruik van gezag";"2018*";"Nederland";680
"3.3.6 Ontucht met misbruik van gezag";"2019*";"Nederland";660
"3.3.7 Seksueel misdrijf (overig)";"2010";"Nederland";1360
"3.3.7 Seksueel misdrijf (overig)";"2011";"Nederland";1450
"3.3.7 Seksueel misdrijf (overig)";"2012";"Nederland";1360
"3.3.7 Seksueel misdrijf (overig)";"2013";"Nederland";1230
"3.3.7 Seksueel misdrijf (overig)";"2014";"Nederland";1255
"3.3.7 Seksueel misdrijf (overig)";"2015";"Nederland";1195
"3.3.7 Seksueel misdrijf (overig)";"2016";"Nederland";1265
"3.3.7 Seksueel misdrijf (overig)";"2017";"Nederland";1325
"3.3.7 Seksueel misdrijf (overig)";"2018*";"Nederland";1500
"3.3.7 Seksueel misdrijf (overig)";"2019*";"Nederland";700
"3.4 Levensmisdrijf";"2010";"Nederland";4105
"3.4 Levensmisdrijf";"2011";"Nederland";4230
"3.4 Levensmisdrijf";"2012";"Nederland";3890
"3.4 Levensmisdrijf";"2013";"Nederland";3525
"3.4 Levensmisdrijf";"2014";"Nederland";3370
"3.4 Levensmisdrijf";"2015";"Nederland";3255
"3.4 Levensmisdrijf";"2016";"Nederland";3120
"3.4 Levensmisdrijf";"2017";"Nederland";3010
"3.4 Levensmisdrijf";"2018*";"Nederland";2870
"3.4 Levensmisdrijf";"2019*";"Nederland";2640
"3.5 Vrijheidsbeneming/gijzeling";"2010";"Nederland";655
"3.5 Vrijheidsbeneming/gijzeling";"2011";"Nederland";580
"3.5 Vrijheidsbeneming/gijzeling";"2012";"Nederland";605
"3.5 Vrijheidsbeneming/gijzeling";"2013";"Nederland";525
"3.5 Vrijheidsbeneming/gijzeling";"2014";"Nederland";415
"3.5 Vrijheidsbeneming/gijzeling";"2015";"Nederland";440
"3.5 Vrijheidsbeneming/gijzeling";"2016";"Nederland";420
"3.5 Vrijheidsbeneming/gijzeling";"2017";"Nederland";400
"3.5 Vrijheidsbeneming/gijzeling";"2018*";"Nederland";425
"3.5 Vrijheidsbeneming/gijzeling";"2019*";"Nederland";515
"3.6 Mensenhandel, mensensmokkel";"2010";"Nederland";705
"3.6 Mensenhandel, mensensmokkel";"2011";"Nederland";720
"3.6 Mensenhandel, mensensmokkel";"2012";"Nederland";785
"3.6 Mensenhandel, mensensmokkel";"2013";"Nederland";590
"3.6 Mensenhandel, mensensmokkel";"2014";"Nederland";625
"3.6 Mensenhandel, mensensmokkel";"2015";"Nederland";625
"3.6 Mensenhandel, mensensmokkel";"2016";"Nederland";730
"3.6 Mensenhandel, mensensmokkel";"2017";"Nederland";725
"3.6 Mensenhandel, mensensmokkel";"2018*";"Nederland";875
"3.6 Mensenhandel, mensensmokkel";"2019*";"Nederland";1175
"3.7 Geweldsmisdrijf (overig)";"2010";"Nederland";1115
"3.7 Geweldsmisdrijf (overig)";"2011";"Nederland";1215
"3.7 Geweldsmisdrijf (overig)";"2012";"Nederland";1215
"3.7 Geweldsmisdrijf (overig)";"2013";"Nederland";1100
"3.7 Geweldsmisdrijf (overig)";"2014";"Nederland";1115
"3.7 Geweldsmisdrijf (overig)";"2015";"Nederland";1035
"3.7 Geweldsmisdrijf (overig)";"2016";"Nederland";1020
"3.7 Geweldsmisdrijf (overig)";"2017";"Nederland";975
"3.7 Geweldsmisdrijf (overig)";"2018*";"Nederland";940
"3.7 Geweldsmisdrijf (overig)";"2019*";"Nederland";1025
"4 Misdrijven WvSr (overig)";"2010";"Nederland";10855
"4 Misdrijven WvSr (overig)";"2011";"Nederland";11690
"4 Misdrijven WvSr (overig)";"2012";"Nederland";11785
"4 Misdrijven WvSr (overig)";"2013";"Nederland";11290
"4 Misdrijven WvSr (overig)";"2014";"Nederland";12020
"4 Misdrijven WvSr (overig)";"2015";"Nederland";11000
"4 Misdrijven WvSr (overig)";"2016";"Nederland";11210
"4 Misdrijven WvSr (overig)";"2017";"Nederland";10525
"4 Misdrijven WvSr (overig)";"2018*";"Nederland";10895
"4 Misdrijven WvSr (overig)";"2019*";"Nederland";11435
"5 Verkeersmisdrijven";"2010";"Nederland";143915
"5 Verkeersmisdrijven";"2011";"Nederland";146710
"5 Verkeersmisdrijven";"2012";"Nederland";136925
"5 Verkeersmisdrijven";"2013";"Nederland";131335
"5 Verkeersmisdrijven";"2014";"Nederland";122150
"5 Verkeersmisdrijven";"2015";"Nederland";114735
"5 Verkeersmisdrijven";"2016";"Nederland";114830
"5 Verkeersmisdrijven";"2017";"Nederland";111865
"5 Verkeersmisdrijven";"2018*";"Nederland";118215
"5 Verkeersmisdrijven";"2019*";"Nederland";123435
"5.1 Verlaten plaats ongeval";"2010";"Nederland";87820
"5.1 Verlaten plaats ongeval";"2011";"Nederland";90780
"5.1 Verlaten plaats ongeval";"2012";"Nederland";85975
"5.1 Verlaten plaats ongeval";"2013";"Nederland";85410
"5.1 Verlaten plaats ongeval";"2014";"Nederland";79835
"5.1 Verlaten plaats ongeval";"2015";"Nederland";78340
"5.1 Verlaten plaats ongeval";"2016";"Nederland";78750
"5.1 Verlaten plaats ongeval";"2017";"Nederland";76930
"5.1 Verlaten plaats ongeval";"2018*";"Nederland";79210
"5.1 Verlaten plaats ongeval";"2019*";"Nederland";81130
"5.2 Rijden onder invloed";"2010";"Nederland";47525
"5.2 Rijden onder invloed";"2011";"Nederland";46890
"5.2 Rijden onder invloed";"2012";"Nederland";41140
"5.2 Rijden onder invloed";"2013";"Nederland";36205
"5.2 Rijden onder invloed";"2014";"Nederland";32280
"5.2 Rijden onder invloed";"2015";"Nederland";27230
"5.2 Rijden onder invloed";"2016";"Nederland";26475
"5.2 Rijden onder invloed";"2017";"Nederland";25775
"5.2 Rijden onder invloed";"2018*";"Nederland";28960
"5.2 Rijden onder invloed";"2019*";"Nederland";32830
"5.3 Rijden tijdens ontzegging";"2010";"Nederland";2670
"5.3 Rijden tijdens ontzegging";"2011";"Nederland";2675
"5.3 Rijden tijdens ontzegging";"2012";"Nederland";3730
"5.3 Rijden tijdens ontzegging";"2013";"Nederland";3955
"5.3 Rijden tijdens ontzegging";"2014";"Nederland";4175
"5.3 Rijden tijdens ontzegging";"2015";"Nederland";3840
"5.3 Rijden tijdens ontzegging";"2016";"Nederland";4215
"5.3 Rijden tijdens ontzegging";"2017";"Nederland";4310
"5.3 Rijden tijdens ontzegging";"2018*";"Nederland";4705
"5.3 Rijden tijdens ontzegging";"2019*";"Nederland";4880
"5.4 Rijden tijdens rijverbod";"2010";"Nederland";135
"5.4 Rijden tijdens rijverbod";"2011";"Nederland";145
"5.4 Rijden tijdens rijverbod";"2012";"Nederland";150
"5.4 Rijden tijdens rijverbod";"2013";"Nederland";115
"5.4 Rijden tijdens rijverbod";"2014";"Nederland";135
"5.4 Rijden tijdens rijverbod";"2015";"Nederland";95
"5.4 Rijden tijdens rijverbod";"2016";"Nederland";90
"5.4 Rijden tijdens rijverbod";"2017";"Nederland";70
"5.4 Rijden tijdens rijverbod";"2018*";"Nederland";85
"5.4 Rijden tijdens rijverbod";"2019*";"Nederland";110
"5.5 Voeren vals kenteken";"2010";"Nederland";845
"5.5 Voeren vals kenteken";"2011";"Nederland";865
"5.5 Voeren vals kenteken";"2012";"Nederland";825
"5.5 Voeren vals kenteken";"2013";"Nederland";750
"5.5 Voeren vals kenteken";"2014";"Nederland";715
"5.5 Voeren vals kenteken";"2015";"Nederland";615
"5.5 Voeren vals kenteken";"2016";"Nederland";660
"5.5 Voeren vals kenteken";"2017";"Nederland";640
"5.5 Voeren vals kenteken";"2018*";"Nederland";705
"5.5 Voeren vals kenteken";"2019*";"Nederland";770
"5.6 Joyriding";"2010";"Nederland";360
"5.6 Joyriding";"2011";"Nederland";340
"5.6 Joyriding";"2012";"Nederland";335
"5.6 Joyriding";"2013";"Nederland";305
"5.6 Joyriding";"2014";"Nederland";270
"5.6 Joyriding";"2015";"Nederland";280
"5.6 Joyriding";"2016";"Nederland";300
"5.6 Joyriding";"2017";"Nederland";250
"5.6 Joyriding";"2018*";"Nederland";255
"5.6 Joyriding";"2019*";"Nederland";305
"5.7 Weigeren blaastest/bloedonderzoek";"2010";"Nederland";390
"5.7 Weigeren blaastest/bloedonderzoek";"2011";"Nederland";415
"5.7 Weigeren blaastest/bloedonderzoek";"2012";"Nederland";355
"5.7 Weigeren blaastest/bloedonderzoek";"2013";"Nederland";330
"5.7 Weigeren blaastest/bloedonderzoek";"2014";"Nederland";335
"5.7 Weigeren blaastest/bloedonderzoek";"2015";"Nederland";310
"5.7 Weigeren blaastest/bloedonderzoek";"2016";"Nederland";380
"5.7 Weigeren blaastest/bloedonderzoek";"2017";"Nederland";340
"5.7 Weigeren blaastest/bloedonderzoek";"2018*";"Nederland";545
"5.7 Weigeren blaastest/bloedonderzoek";"2019*";"Nederland";605
"5.8 Verkeersmisdrijf (overig)";"2010";"Nederland";4175
"5.8 Verkeersmisdrijf (overig)";"2011";"Nederland";4605
"5.8 Verkeersmisdrijf (overig)";"2012";"Nederland";4415
"5.8 Verkeersmisdrijf (overig)";"2013";"Nederland";4270
"5.8 Verkeersmisdrijf (overig)";"2014";"Nederland";4400
"5.8 Verkeersmisdrijf (overig)";"2015";"Nederland";4025
"5.8 Verkeersmisdrijf (overig)";"2016";"Nederland";3955
"5.8 Verkeersmisdrijf (overig)";"2017";"Nederland";3555
"5.8 Verkeersmisdrijf (overig)";"2018*";"Nederland";3750
"5.8 Verkeersmisdrijf (overig)";"2019*";"Nederland";2805
"6 Drugsmisdrijven";"2010";"Nederland";18030
"6 Drugsmisdrijven";"2011";"Nederland";17130
"6 Drugsmisdrijven";"2012";"Nederland";17580
"6 Drugsmisdrijven";"2013";"Nederland";17035
"6 Drugsmisdrijven";"2014";"Nederland";16310
"6 Drugsmisdrijven";"2015";"Nederland";14770
"6 Drugsmisdrijven";"2016";"Nederland";13275
"6 Drugsmisdrijven";"2017";"Nederland";12525
"6 Drugsmisdrijven";"2018*";"Nederland";13390
"6 Drugsmisdrijven";"2019*";"Nederland";14640
"6.1 Harddrugs";"2010";"Nederland";8255
"6.1 Harddrugs";"2011";"Nederland";7615
"6.1 Harddrugs";"2012";"Nederland";7870
"6.1 Harddrugs";"2013";"Nederland";7470
"6.1 Harddrugs";"2014";"Nederland";7715
"6.1 Harddrugs";"2015";"Nederland";7390
"6.1 Harddrugs";"2016";"Nederland";6760
"6.1 Harddrugs";"2017";"Nederland";6570
"6.1 Harddrugs";"2018*";"Nederland";7055
"6.1 Harddrugs";"2019*";"Nederland";7840
"6.2 Softdrugs";"2010";"Nederland";8620
"6.2 Softdrugs";"2011";"Nederland";8425
"6.2 Softdrugs";"2012";"Nederland";8860
"6.2 Softdrugs";"2013";"Nederland";9070
"6.2 Softdrugs";"2014";"Nederland";8195
"6.2 Softdrugs";"2015";"Nederland";7005
"6.2 Softdrugs";"2016";"Nederland";6295
"6.2 Softdrugs";"2017";"Nederland";5740
"6.2 Softdrugs";"2018*";"Nederland";6150
"6.2 Softdrugs";"2019*";"Nederland";6595
"6.3 Drugsmisdrijf (overig)";"2010";"Nederland";1155
"6.3 Drugsmisdrijf (overig)";"2011";"Nederland";1095
"6.3 Drugsmisdrijf (overig)";"2012";"Nederland";850
"6.3 Drugsmisdrijf (overig)";"2013";"Nederland";495
"6.3 Drugsmisdrijf (overig)";"2014";"Nederland";400
"6.3 Drugsmisdrijf (overig)";"2015";"Nederland";375
"6.3 Drugsmisdrijf (overig)";"2016";"Nederland";220
"6.3 Drugsmisdrijf (overig)";"2017";"Nederland";215
"6.3 Drugsmisdrijf (overig)";"2018*";"Nederland";190
"6.3 Drugsmisdrijf (overig)";"2019*";"Nederland";200
"7 (Vuur)wapenmisdrijven";"2010";"Nederland";6500
"7 (Vuur)wapenmisdrijven";"2011";"Nederland";7405
"7 (Vuur)wapenmisdrijven";"2012";"Nederland";7045
"7 (Vuur)wapenmisdrijven";"2013";"Nederland";6520
"7 (Vuur)wapenmisdrijven";"2014";"Nederland";5875
"7 (Vuur)wapenmisdrijven";"2015";"Nederland";5545
"7 (Vuur)wapenmisdrijven";"2016";"Nederland";5415
"7 (Vuur)wapenmisdrijven";"2017";"Nederland";4740
"7 (Vuur)wapenmisdrijven";"2018*";"Nederland";5475
"7 (Vuur)wapenmisdrijven";"2019*";"Nederland";6610
"9 Misdrijven overige wetten";"2010";"Nederland";4195
"9 Misdrijven overige wetten";"2011";"Nederland";4230
"9 Misdrijven overige wetten";"2012";"Nederland";4480
"9 Misdrijven overige wetten";"2013";"Nederland";4130
"9 Misdrijven overige wetten";"2014";"Nederland";3880
"9 Misdrijven overige wetten";"2015";"Nederland";3530
"9 Misdrijven overige wetten";"2016";"Nederland";3425
"9 Misdrijven overige wetten";"2017";"Nederland";3370
"9 Misdrijven overige wetten";"2018*";"Nederland";3710
"9 Misdrijven overige wetten";"2019*";"Nederland";2700
"9.1 Militair misdrijf";"2010";"Nederland";75
"9.1 Militair misdrijf";"2011";"Nederland";70
"9.1 Militair misdrijf";"2012";"Nederland";55
"9.1 Militair misdrijf";"2013";"Nederland";45
"9.1 Militair misdrijf";"2014";"Nederland";60
"9.1 Militair misdrijf";"2015";"Nederland";40
"9.1 Militair misdrijf";"2016";"Nederland";30
"9.1 Militair misdrijf";"2017";"Nederland";20
"9.1 Militair misdrijf";"2018*";"Nederland";25
"9.1 Militair misdrijf";"2019*";"Nederland";20
"9.2 Misdrijf (overig)";"2010";"Nederland";4120
"9.2 Misdrijf (overig)";"2011";"Nederland";4160
"9.2 Misdrijf (overig)";"2012";"Nederland";4425
"9.2 Misdrijf (overig)";"2013";"Nederland";4085
"9.2 Misdrijf (overig)";"2014";"Nederland";3820
"9.2 Misdrijf (overig)";"2015";"Nederland";3490
"9.2 Misdrijf (overig)";"2016";"Nederland";3395
"9.2 Misdrijf (overig)";"2017";"Nederland";3350
"9.2 Misdrijf (overig)";"2018*";"Nederland";3685
"9.2 Misdrijf (overig)";"2019*";"Nederland";2680
